<?xml version="1.0" encoding="UTF-8"?>
<?xml-stylesheet type="text/xsl" href="configuration.xsl"?>
<!--
  Licensed under the Apache License, Version 2.0 (the "License");
  you may not use this file except in compliance with the License.
  You may obtain a copy of the License at

    http://www.apache.org/licenses/LICENSE-2.0

  Unless required by applicable law or agreed to in writing, software
  distributed under the License is distributed on an "AS IS" BASIS,
  WITHOUT WARRANTIES OR CONDITIONS OF ANY KIND, either express or implied.
  See the License for the specific language governing permissions and
  limitations under the License. See accompanying LICENSE file.
-->

<!-- Put site-specific property overrides in this file. -->

<configuration>
        <property>
             <name>dfs.replication</name>
             <value>1</value>
        </property>
        <property>
             <name>dfs.namenode.name.dir</name>
	     <value>/hadoop/tmp/dfs/name</value>
        </property>
        <property>
             <name>dfs.datanode.data.dir</name>
	     <!--<value>/mnt/nvm1/dfs/data, /mnt/nvm2/dfs/data</value>-->
	     <value>/mnt/pmem0/dfs/data, /mnt/pmem1/dfs/data</value>
	     <!-- out of date -->
			     <!-- <value>[DISK]/root/hadoop-link/tmp/dfs/data, [PROVIDED]s3a://largetest/</value>-->
        </property>
        <property>
             <name>dfs.datanode.balance.max.concurrent.moves</name>
             <value>5000</value>
        </property>

       <!-- <property>
                <name>dfs.datanode.cache.pmem.dirs</name>
                <value>/home/philo/tmp/bogus_pmem0,/home/philo/tmp/bogus_pmem1</value>
        </property> -->
         <property>
                <name>dfs.datanode.max.locked.memory</name>
                <!--value>612032839680</value-->
                <!--value>994284929024</value-->
                <value>0</value>
        </property>
  <property>
    <name>dfs.namenode.checkpoint.dir</name>
    <value>/hadoop/tmp/dfs/secondary</value>
  </property>
 <property>
    <name>dfs.namenode.provided.enabled</name>
    <value>true</value>
    <description>Enabled provided storage on the Namenode</description>
  </property>
 
 <property>
    <name>dfs.datanode.provided.enabled</name>
    <value>true</value>
 </property>

 <property>
     <name>dfs.datanode.provided.volume.readthrough</name>
     <value>true</value>
 </property>

 <property>
     <name>dfs.provided.overreplication.factor</name>
     <value>1</value>
 </property>

<!--
  <property>
      <name>dfs.provided.storage.id</name>
      <value>DS-PROVIDED</value>
      <description>The storage ID used for provided storages in the cluster.</description>
  </property>

  <property>
    <name>dfs.provided.aliasmap.class</name>
    <value>org.apache.hadoop.hdfs.server.common.blockaliasmap.impl.TextFileRegionAliasMap</value>
  </property>



  <property>
    <name>dfs.provided.aliasmap.text.delimiter</name>
    <value>,</value>
    <description>
        The delimiter used when the alias map is specified as
        a text file.
    </description>
  </property>

  <property>
    <name>dfs.provided.aliasmap.text.read.file</name>
    <value>file:///root/hadoop-link/aliasmap/blocks_BP-668717179-10.1.2.214-1571722510976.csv</value>
    <description>
        The path specifying the alias map as a text file,
        specified as a URI.
    </description>
  </property>

  <property>
    <name>dfs.provided.aliasmap.text.codec</name>
    <value></value>
    <description>
        The codec used to de-compress the alias map. Default value is empty.
    </description>
  </property>

  <property>
    <name>dfs.provided.aliasmap.text.write.dir</name>
    <value>file:///root/hadoop-link/aliasmap/</value>
    <description>
        The path to which the alias map should be written as a text
        file, specified as a URI.
    </description>
  </property>
-->
<!--
  <property>
    <name>dfs.provided.aliasmap.inmemory.batch-size</name>
    <value>500</value>
    <description>
      The batch size when iterating over the database backing the aliasmap
    </description>
  </property>

  <property>
    <name>dfs.provided.aliasmap.inmemory.dnrpc-address</name>
    <value>namenode:rpc-port</value>
    <description>
      The address where the aliasmap server will be running
    </description>
  </property>
-->
  <!--
  <property>
    <name>dfs.provided.aliasmap.inmemory.leveldb.dir</name>
    <value>file:///tmp</value>
    <description>
      The directory where the leveldb files will be kept
    </description>
  </property>
  -->
  <property>
    <name>dfs.provided.aliasmap.inmemory.enabled</name>
    <value>true</value>
    <description>Enable the inmemory alias map on the NameNode. Defaults to false.</description>
  </property>

  <property>
    <name>dfs.provided.aliasmap.class</name>
    <value>org.apache.hadoop.hdfs.server.common.blockaliasmap.impl.InMemoryLevelDBAliasMapClient</value>
  </property>
  <!--  <property>
      <name>dfs.provided.storage.id</name>
      <value>DS-PROVIDED1</value>
      <description>The storage ID used for provided storages in the cluster.</description>
  </property>
  -->

  <property>
    <name>dfs.datanode.provided.volume.lazy.load</name>
    <value>false</value>
  </property>
  <property>
    <name>dfs.namenode.provided.aliasmap.class</name>
    <value>org.apache.hadoop.hdfs.server.common.blockaliasmap.impl.InMemoryLevelDBAliasMapClient</value>
  </property>
  <property>
    <name>dfs.provided.aliasmap.inmemory.rpc.bind-host</name>
    <value>0.0.0.0</value>
  </property>
  <property>
    <name>dfs.provided.aliasmap.inmemory.rpc.address</name>
    <value>sr112:50200</value>
  </property>
  <property>
    <name>dfs.provided.aliasmap.inmemory.leveldb.dir</name>
    <value>/tmp/data/hdfs/aliasmap</value>
  </property>

  <property>
    <name>dfs.provided.cache.capacity.fraction</name>
    <value>0.9</value>
    <description>fraction of space allowed as cache</description>
  </property>
  <property>
    <name>dfs.provided.cache.capacity.threshold</name>
    <value>0.9</value>
    <description>eviction threshold</description>
  </property>
  <property>
    <name>dfs.client.cache.readthrough</name>
    <value>true</value>
    <description>
      Parameter to enable read-through of blocks in Provided storage. If this
      parameter is set to true, when a provided block is read from the provided
      (remote) store, a local replica of it is cached on datanode. The number
      of such local replicas allowed for a Provided block is determined based
      on the replication factor of the file, and the allowed over-replication
      factor (set using dfs.provided.overreplication.factor).
      See dfs.datanode.provided.volume.readthrough for additional details.
    </description>
  </property>
  <!--  <property>
    <name>dfs.overreplication.factor</name>
    <value>1</value>
    <description>
      The over-replication factor, which allows blocks to be over-replicated
      (i.e., have more replicas than the replication factor). The default value
      is 0. This is intended for being used to cache replicas for block that are
      not in HDFS and accessed using the PROVIDED storage.
    </description>
  </property>-->
<!--
  <property>
    <name>dfs.provided.aliasmap.load.retries</name>
    <value>5</value>
    <description>
      The number of retries on the Datanode to load the provided aliasmap;
      defaults to 0.
    </description>
  </property>
  <property>
    <name>dfs.provided.replicamap.cache.size</name>
    <value>100000</value>
    <description>
      The number of replicas whose details are cached in the Datanode.
      This parameter is relevant only when dfs.datanode.provided.volume.lazy.load
      is set to true. The eviction policy for this cache is approximately-LRU.
      For PROVIDED volumes with many replicas, this parameter helps limit
      how many replicas are held in memory. If the information of a
      replica is not in memory, it has to be loaded from the AliasMap (configured
      using dfs.provided.aliasmap.class).
    </description>
	</property>
-->
<!--
  <property>
    <name>dfs.provided.aliasmap.inmemory.batch-size</name>
    <value>50000</value>
    <description>
      The batch size when iterating over the database backing the aliasmap
    </description>
  </property>
-->
  <!--  <property>
    <name>dfs.provided.aliasmap.inmemory.server.log</name>
    <value>true</value>
    <description>
      Flag to disabale/enable logging of requests to the in-memory aliasmap.
      Set to true if logging needs to be enabled.
    </description>
  </property>-->
<!--
  <property>
    <name>dfs.provided.replicamap.cache.size</name>
    <value>5000000</value>
    <description>
      The number of replicas whose details are cached in the Datanode.
      This parameter is relevant only when dfs.datanode.provided.volume.lazy.load
      is set to true. The eviction policy for this cache is approximately-LRU.
      For PROVIDED volumes with many replicas, this parameter helps limit
      how many replicas are held in memory. If the information of a
      replica is not in memory, it has to be loaded from the AliasMap (configured
      using dfs.provided.aliasmap.class).
    </description>
  </property>
-->
<!--
<property>
  <name>dfs.blockreport.intervalMsec</name>
  <value>10000</value>
  <description>Determines block reporting interval in milliseconds.</description>
</property>
<property>
  <name>dfs.datanode.directoryscan.interval</name>
  <value>10s</value>
  <description>Interval in seconds for Datanode to scan data directories and
  reconcile the difference between blocks in memory and on the disk.
  Support multiple time unit suffix(case insensitive), as described
  in dfs.heartbeat.interval.
  </description>
</property>
-->
</configuration>
